,Assessor,MSE,MAE,NMSE,NMAE,aRRMSE,aCC
0,ST,0.008357282436055252,0.07548920556816453,0.2473142522705027,0.6155681982974903,0.4881866172879292,0.9176916483208928
1,MRT,0.04263410758356785,0.1850164674858766,1.3084558202642147,1.5559011738959874,1.1178119233789663,0.9268605116036681
2,MRT(g),0.007829965969430225,0.07314300888884022,0.23476291461259727,0.6035774226540558,0.4752672614549431,0.9337377441858492
3,M-SVR,0.035598324483149056,0.1612118098164484,1.0839556336237663,1.3560159637297364,1.016841785399647,0.8861172487865315
4,M-SVR(g),0.027492389087436144,0.13919679206799052,0.8266470352085237,1.1551491606145365,0.8899144791038537,0.8894301334707154
5,RC,0.011667725047162162,0.08431006731937936,0.35066178020936906,0.6803140583294929,0.5692276712443423,0.8951191056989712
6,RC(g),0.007354780891932206,0.06953996246256043,0.22432263908611466,0.5840688754791643,0.4629049572976197,0.9312016253873738
