,MSE,MSE,RMSE,RMSE,MAE,MAE,NMSE,NMSE
,mean,std,mean,std,mean,std,mean,std
assessor_type,,,,,,,,
individual,0.05665051220161355,0.04056578309470713,0.22246765727027717,0.08806365960378912,0.18583466364768378,0.0785152072224004,0.9550589738750807,0.0757771291264338
multi-output,0.057202022500265855,0.040854242593963315,0.22356686315634738,0.08843945319777612,0.18726488479411912,0.07989470948611013,0.9648525371050634,0.07230942982134247
multi-output(group),0.057202022500265855,0.040854242593963315,0.22356686315634738,0.08843945319777612,0.18726488479411912,0.07989470948611013,0.9648525371050634,0.07230942982134247
regchain,0.057715187936646796,0.041053860256398254,0.22464671283715257,0.08861788313004944,0.1875908530077413,0.08043613638260368,0.9750504805789733,0.06687147079155026
regchain(group),0.058061593217351264,0.04121738200194597,0.2252013589665905,0.08920819972606094,0.18882543045472436,0.08015270850345961,0.9771732869487642,0.07219287878493594
