,Assessor,MSE,MAE,NMSE,NMAE,aRRMSE,aCC
0,RC,0.019082217547175005,0.11699045304369501,0.7179269815938442,1.0417766673879514,0.8237248922625505,0.8959578077614917
1,RC(g),0.008689632233151539,0.07494436171044142,0.3242576966364318,0.6629901069052995,0.5481290535326282,0.9383420585552507
2,RC[30](g),0.013791329376900733,0.10156327252431432,0.5447843776157547,0.9336055900266563,0.7193872252656719,0.9851466701471987
