,Assessor,MSE,MAE,NMSE,NMAE,aRRMSE,aCC
0,ST,0.013189774933943264,0.09858410679071171,0.5399846771663994,0.9386792684250971,0.7190790057174037,0.9754219634556099
1,MRT,0.02881107282857617,0.15275379550126392,1.2062936356631442,1.459115759528382,1.0786450910293073,0.9709979192125948
2,MRT(g),0.015385116768129438,0.1102898181754033,0.6356420952381601,1.0472791195033857,0.782089413691478,0.9779769703083736
3,M-SVR,0.03980539981924358,0.1767205757028072,1.6421435116757541,1.6684782218083107,1.2675416581650782,0.6331980504417912
4,M-SVR(g),0.04391266974320673,0.1820715899378825,1.882668372662225,1.7510850600129415,1.3410038344622774,0.5953343625201005
5,RC,0.013985685459506576,0.10265424569901785,0.5755580468482452,0.9676982512198387,0.7476080081041404,0.930882174111222
6,RC(g),0.010657528676258132,0.08372923287319402,0.4278768926947908,0.7896960725063623,0.6394374686589519,0.887475802741964
