,MSE,MSE,RMSE,RMSE,MAE,MAE,NMSE,NMSE
,mean,std,mean,std,mean,std,mean,std
assessor_type,,,,,,,,
individual,0.07161028662184726,0.04787746545365516,0.25259093032042734,0.09197164918341583,0.1868489697880993,0.08099129112484175,0.6730313326808961,0.13661803971505954
multi-output,0.07619883810573352,0.050284448953464865,0.2607779499593574,0.09421521726410473,0.18793965471558258,0.08089040403607321,0.7180070333857365,0.14315605405986348
multi-output(group),0.07619883810573352,0.050284448953464865,0.2607779499593574,0.09421521726410473,0.18793965471558258,0.08089040403607321,0.7180070333857365,0.14315605405986348
regchain,0.07515977828047442,0.04994935135448762,0.2588769082502957,0.0939205428887237,0.19235339801113951,0.08002650081106344,0.7069939525771226,0.14163497183700896
regchain(group),0.07546541944701414,0.050799649830163385,0.25901994194702077,0.09524667910662718,0.18935409139539397,0.08037348474173853,0.707797051797059,0.15081738294899505
