,MSE,MSE,RMSE,RMSE,MAE,MAE,NMSE,NMSE
,mean,std,mean,std,mean,std,mean,std
assessor_type,,,,,,,,
individual,0.07111599712079329,0.048705094993212426,0.24672832916146484,0.10533069876576297,0.18295046808415588,0.08877708437112965,0.6598182565953656,0.16653318422025776
multi-output,0.07568217067436961,0.051183764703266285,0.25473380912870064,0.10813076308147318,0.18412357953879915,0.0886877729505728,0.7044335649683049,0.17437841181292843
multi-output(group),0.07568217067436961,0.051183764703266285,0.25473380912870064,0.10813076308147318,0.18412357953879915,0.0886877729505728,0.7044335649683049,0.17437841181292843
regchain,0.0744850151657509,0.05076130743000149,0.25260551441830037,0.10754111627102511,0.18778447736608078,0.08868486967830116,0.6930489743926516,0.17011501672958393
regchain(group),0.07540718187219293,0.051406010926097916,0.2540476557072437,0.1085013888252155,0.18572908066232602,0.08813347234954495,0.7003697885589898,0.17692192932820144
