,MSE,MSE,RMSE,RMSE,MAE,MAE,NMSE,NMSE
,mean,std,mean,std,mean,std,mean,std
assessor_type,,,,,,,,
individual,0.06721984276627888,0.03599356433995004,0.25101907094407067,0.06752807703251316,0.19631676392243735,0.05407088184208802,1.0205683483435999,0.10235071985247575
multi-output,0.0694526188510788,0.03825525223709944,0.2546462990203836,0.070653176504376,0.19725106341455959,0.05463139625991373,1.0449754983487338,0.10107236780251469
multi-output(group),0.0694526188510788,0.03825525223709944,0.25464629902038366,0.07065317650437598,0.19725106341455959,0.05463139625991373,1.0449754983487338,0.10107236780251469
regchain,0.06620079344824649,0.03396305372577959,0.2492872734279192,0.06629255477085681,0.19294424113789269,0.052462400427350044,1.005892046246223,0.09487133771750678
regchain(group),0.0679770065108593,0.03778235219179002,0.25196264592364415,0.06975780148138933,0.19610497229383378,0.05479249935774843,1.022909769294685,0.0786908215168671
