,MSE,MSE,RMSE,RMSE,MAE,MAE,NMSE,NMSE
,mean,std,mean,std,mean,std,mean,std
assessor_type,,,,,,,,
individual,0.04756216953948646,0.04371558810768836,0.20011708951364224,0.09023079680878529,0.15330435452992103,0.0725735265805086,0.8775814940127284,0.13089243207704054
multi-output,0.04964981030187366,0.044605949477558804,0.20432091140286038,0.09252750989566826,0.15731821747710675,0.07700389372095479,0.9113615781645196,0.1675570387070013
multi-output(group),0.04964981030187366,0.044605949477558804,0.20432091140286038,0.09252750989566826,0.15731821747710675,0.07700389372095479,0.9113615781645196,0.1675570387070013
regchain,0.053098383379340294,0.045274492315559564,0.21272536398289638,0.09219632027630816,0.1655303172712753,0.07652715335654212,0.9956151521616435,0.1703991849934713
regchain(group),0.049427213957224166,0.04448908068355628,0.20412425688218258,0.09169084024761857,0.15724539075778543,0.07636640486338749,0.9116926914762973,0.1544028317220269
