,Assessor,MSE,MAE,NMSE,NMAE,aRRMSE,aCC
0,ST,0.009633487963306254,0.06930513211693798,0.2883512021565143,0.5343775388998112,0.4803727367139716,0.9062358443297155
1,MRT,0.031352039834389445,0.13844324169224387,0.9232953977645008,1.0548563012306067,0.8772408725828609,0.8498719002941588
2,MRT(g),0.011314264321925031,0.07320699901417098,0.34040916365541596,0.5657788078905428,0.5121662699705414,0.9062464257374022
3,M-SVR,0.02645409254434822,0.12863152432038605,0.7832532077959755,1.0021406845456136,0.816745547234997,0.8303925889193687
4,M-SVR(g),0.02307668497100391,0.12411978115300368,0.6645797896859104,0.9460507277885548,0.7690186469310341,0.8335704668249769
5,RC,0.01179032294996404,0.08135535319699604,0.32596184037188414,0.6029483695079407,0.547532350022031,0.8894470456621815
6,RC(g),0.008596206876696627,0.06354168213807018,0.2578871131778204,0.4988025950631413,0.4522592588960327,0.9119385776127162
